variable,display_name,display_variable,type,category,subcategory,description,indicator_order,category_order,subcategory_order,tooltip,tooltip_order,currency,decimals,percent,source,years,place,highisgood,min,max,range,mean,median,std.dev
aftersch,Afterschool Programs (Dallas only),1,point,social_infrastructure,,Locations of afterschool programs in the City of Dallas,,,,0,,0,0,0,City of Dallas,,,,,,,,,
ALAND,Area Land (SqMi),0,estimate,,,Area in square miles of land in geography,,,,0,,0,1,0,CPAL,," Zip, Tract, Place",,13392,2423342394,2423329002,36373747.37,4626702,155361556.7
as_per_19,Asian Population (%),0,percent,,,Percent Asian population in 2019,,,,0,9,0,0,1,CPAL/ACS,2019," Zip, Tract, Place",1,0,0.6692676,0.6692676,0.060674534,0.0304348,0.086300321
as_per_19_sd,Asian Population (%),0,sd,,,Percent Asian population in 2019,,,,0,,0,0,0,CPAL/ACS,2019," Zip, Tract, Place",1,1,4,3,1.899360093,2,0.95583171
as_popE_19,Asian Population,0,estimate,,,Total Asian population in 2019,,,,0,,0,0,0,ACS 5 Year,2019," Zip, Tract, Place",1,0,162770,162770,1151.4696,177,6889.412127
as_popE_19_sd,Asian Population,0,sd,,,Total Asian population in 2019,,,,0,,0,0,0,ACS 5 Year,2019," Zip, Tract, Place",1,1,4,3,1.962769052,2,0.846693638
Avg_CTC,Average CTC Return,0,estimate,,,Average child tax credit return amount ($) in 2015.,,,,0,,1,0,0,Brookings,2014," Zip, Tract, Place",1,601.0450958,1310,708.9549042,766.540475,761.2595686,75.10450083
Avg_CTC_sd,Average CTC Return,0,sd,commerce,,Average child tax credit return amount ($) in 2015.,,,,0,,0,0,0,Brookings,2014," Zip, Tract, Place",1,0,4,4,1.943438914,2,1.081262776
Avg_EITC,Average EITC Return,0,estimate,,,Average earned income tax credit return ($) in 2015.,,,,0,,1,0,0,Brookings,2014," Zip, Tract, Place",1,1305.274725,3218.625166,1913.350441,2484.541599,2488.57211,293.8270869
Avg_EITC_sd,Average EITC Return,0,sd,,,Average earned income tax credit return ($) in 2015.,,,,0,,0,0,0,Brookings,2014," Zip, Tract, Place",1,0,4,4,2.063348416,2,1.197338549
AWATER,Area Water (SqMi),0,estimate,,,Area in square miles of water in geography,,,,0,,0,1,0,CPAL,," Zip, Tract, Place",,0,192588409,192588409,1556350.754,9036,8510804.299
ba_degE_19,Bachelors Degrees or Higher,0,estimate,,,Total population with a bachelor's or graduate degree.,,,,0,7,0,0,0,ACS 5 Year,2019," Zip, Tract, Place",1,0,441013,441013,3180.554719,939,18099.357
ba_degE_19_sd,Bachelor's Degrees or Higher,1,sd,,,Total population with a bachelor's or graduate degree.,10,,,0,,0,0,0,CPAL and ACS,2019," Zip, Tract, Place",1,0,4,4,1.964514252,2,0.968309067
bank,Bank,1,point,commerce,,Locations of banks,,,,0,,0,0,0,,,,,,,,,,
bl_per_19,Black Population (%),0,percent,,,Percent Black Population in 2019,,,,0,10,0,0,1,CPAL/ACS,2019," Zip, Tract, Place",1,0,0.9468354,0.9468354,0.148766697,0.091541,0.164073983
bl_per_19_sd,Black Population (%),0,sd,,,Percent Black Population in 2019,,,,0,,0,0,0,CPAL/ACS,2019," Zip, Tract, Place",1,1,4,3,1.944735311,2,0.994674368
bl_popE_19,Black Population,0,estimate,,,Total Black population in 2019,,,,0,,0,0,0,ACS 5 Year,2019," Zip, Tract, Place",1,0,580189,580189,2608.943833,581,18840.44568
bl_popE_19_sd,Black Population,0,sd,,,Total Black population in 2019,,,,0,,0,0,0,ACS 5 Year,2019," Zip, Tract, Place",1,1,4,3,1.942408377,2,0.937915117
bp_per_19,Below Poverty (%),0,percent,,,Percent of residents with an income below federal poverty level.,,,,0,5,0,0,1,CPAL/ACS,2019," Zip, Tract, Place",0,0,0.6489899,0.6489899,0.119529148,0.095017,0.09366676
bp_per_19_sd,Below Poverty (%),1,sd,,,Percent of residents with an income below federal poverty level.,3,,,0,,0,0,0,CPAL/ACS,2019," Zip, Tract, Place",1,0,4,4,2.089005236,2,1.193546432
bp_u18E_19,Under 18 Below Poverty,0,estimate,,,Total population under 18 living below federal poverty level in 2019.,,,,0,,0,0,0,ACS 5 Year,2019," Zip, Tract, Place",0,0,158902,158902,708.2999421,176,5245.530281
bp_u18E_19_sd,Under 18 Below Poverty,0,sd,,,Total population under 18 living below federal poverty level in 2019.,,,,0,,0,0,0,ACS 5 Year,2019," Zip, Tract, Place",0,0,3,3,2.030831879,2,0.984562421
cbp_per_19,Children Below Poverty (%),0,percent,,,Percent of residents under 18 with an income below federal poverty level in 2019.,,,,0,6,0,0,1,CPAL/ACS,2019," Zip, Tract, Place",0,0,0.4557845,0.4557845,0.014627292,0,0.05521076
cbp_per_19_sd,Children Below Poverty (%),1,sd,,,Percent of residents under 18 with an income below federal poverty level in 2019.,4,,,0,,0,0,0,CPAL/ACS,2019," Zip, Tract, Place",1,0,3,3,0.527632344,0,1.016292614
ces,Charter Elementary,1,point,school,charter_school,Locations of charter elementary schools,,,,0,,0,0,0,TEA,,,,,,,,,
charter_school,Charter School,1,point_subcategory,school,,,,,3,0,,0,0,0,,,,,,,,,,
chs,Charter High,1,point,school,charter_school,Locations of charter high schools,,,,0,,0,0,0,TEA,,,,,,,,,
cms,Charter Middle,1,point,school,charter_school,Locations of charter middle schools,,,,0,,0,0,0,TEA,,,,,,,,,
comcen,Community and Recreation Center,1,point,social_infrastructure,,Locations of community centers,,,,0,,0,0,0,NCTCOG,,,,,,,,,
comhel,Community Health Clinic,1,point,public_health,,Locations of community health clinics,,,,0,,0,0,0,,,,,,,,,,
commerce,Commerce,1,point_category,,,,,4,,0,,0,0,0,,,,,,,,,,
crunion,Credit Union,1,point,commerce,,Locations of credit unions,,,,0,,0,0,0,CPAL/googleways,,,,,,,,,
emp_pubtr_per_19,Public Transportation to Work (%),0,percent,,,Percent of employed population who take public transportation to work in 2019.,,,,0,,0,0,1,CPAL/ACS,2019," Zip, Tract, Place",1,0,0.5773196,0.5773196,0.014760126,0.0056919,0.027870463
emp_pubtr_per_19_sd,Public Transportation to Work (%),1,sd,,,Percent of employed population who take public transportation to work in 2019.,12,,,0,,0,0,0,CPAL/ACS,2019," Zip, Tract, Place",1,1,4,3,1.93310064,2,0.880293426
emp_pubtrE_19,Public Transportation to Work,0,estimate,,,Total employed population who take public transportation to work in 2019.,,,,0,,0,0,0,ACS 5 Year,2019," Zip, Tract, Place",1,0,33258,33258,113.9461494,18,1037.464848
emp_pubtrE_19_sd,Public Transportation to Work,0,sd,,,Total employed population who take public transportation to work in 2019.,,,,0,,0,0,0,ACS 5 Year,2019," Zip, Tract, Place",1,1,4,3,1.913903432,2,0.914015087
emp_r_19,Employment to Population Ratio,0,estimate,,,Employed residents between 25 to 54 employed to total population per 100 people.,,,,0,4,0,0,1,ACS 5 Year,2019," Zip, Tract, Place",1,0,0.9575,0.9575,0.787946873,0.80675,0.107718843
emp_r_19_sd,Employment to Population Ratio,1,sd,,,Employed residents between 25 to 54 employed to total population per 100 people.,11,,,0,,0,0,0,ACS 5 Year,2019," Zip, Tract, Place",1,0,4,4,2.067481094,2,0.960867682
empE_19,Residents Employed,0,estimate,,,Total population employed in 2019.,,,,0,,0,0,0,ACS 5 Year,2019," Zip, Tract, Place",1,0,1282441,1282441,8096.177765,2653,47335.79948
empE_19_sd,Residents Employed,0,sd,,,Total population employed in 2019.,,,,0,,0,0,0,ACS 5 Year,2019," Zip, Tract, Place",1,0,4,4,1.93310064,2,1.03695022
es_3t4_per_19,Enrolled Pre-K (%),0,percent,,,Percent of children (3 to 4 years old) enrolled in preschool.,,,,0,,0,0,1,CPAL/ACS,2019," Zip, Tract, Place",1,0,1,1,0.124975225,0.0881057,0.149628559
es_3t4_per_19_sd,Enrolled Pre-K (%),1,sd,,,Percent of children (3 to 4 years old) enrolled in preschool.,15,,,0,,0,0,0,CPAL/ACS,2019," Zip, Tract, Place",1,0,4,4,1.935427574,2,1.056007941
es_3t4E_19,Enrolled Pre-K,0,estimate,,,Total number of children (3 to 4 years old) enrolled in pre-k in 2019.,,,,0,,0,0,0,ACS 5 Year,2019," Zip, Tract, Place",1,0,11652,11652,60.53213665,14,392.6997237
es_3t4E_19_sd,Enrolled Pre-K,0,sd,,,Total number of children (3 to 4 years old) enrolled in pre-k in 2019.,,,,0,,0,0,0,ACS 5 Year,2019," Zip, Tract, Place",1,1,4,3,1.951716114,2,0.993281399
fid,ID,0,name,,,,,,,0,,0,0,0,CPAL,," Zip, Tract, Place",,1,1263,1262,493.4730747,400,388.5471889
fqhc,Federally Qualified Health Center,1,point,public_health,,Locations of Qualified Health Centers,,,,0,,0,0,0,Texas Department of State Health Services,2021,,,,,,,,
GEOID,Geography,0,name,,,Census shape geoid,,,,0,,0,0,0,ACS 5 Year,2019," Zip, Tract, Place",1,48085,48439980000,48439931915,35258431864,48113013711,21376139763
geometry,Geometry,0,name,,,,,,,0,,0,0,0,CPAL,," Zip, Tract, Place",,-97.846529,33.916064,131.762593,-32.01735305,-31.8805665,64.8614478
giniE_19,Gini Coefficient,0,estimate,,,"Measure of the degree of income inequality, higher values correlate to a higher degree of income inequality in a geography.",,,,0,1,0,1,0,ACS 5 Year,2019," Zip, Tract, Place",0,0,0.6658,0.6658,0.402999884,0.3982,0.06902219
giniE_19_sd,Gini Coefficient,1,sd,,,"Measure of the degree of income inequality, higher values correlate to a higher degree of income inequality in a geography.",1,,,0,,0,0,0,CPAL/ACS,2019," Zip, Tract, Place",0,0,4,4,2.016870273,2,1.167195868
HCV_PUBLIC,Total Public Assistance Vouchers,0,estimate,,,Households receiving public assistance vouchers in 2016. Minimum of 10 vouchers.,,,,0,,0,0,0,HUD,2019,Tract,0,11,602,591,65.4220339,40,69.18197643
HCV_PUBLIC_sd,Total Public Assistance Vouchers,1,sd,,,Households receiving public assistance vouchers in 2016. Minimum of 10 vouchers.,13,,,0,,0,0,0,HUD,2019,Tract,0,1,4,3,1.916949153,2,0.96538609
HCV_rohh,Housing Vouchers to Renters Ratio,0,estimate,,,Total housing choice vouchers compared to number of renter households.,,,,0,,0,0,0,CPAL/HUD/ACS,2019,Tract,1,0.004133655,0.866477273,0.862343618,0.07936386,0.056400544,0.078938817
HCV_rohh_sd,Housing Vouchers to Renters Ratio,1,sd,,,Total housing choice vouchers compared to number of renter households.,14,,,0,,0,0,0,CPAL/HUD/ACS,2019,Tract,1,1,4,3,1.972881356,2,0.944617584
highed,College Campuses,1,point,school,,Locations of higher education campuses,,,1,0,,0,0,0,Texas Department of Banking,2021,,,,,,,,
his,Public High,1,point,school,public_school,Locations of DISD junior high schools,,,,0,,0,0,0,TEA,,,,,,,,,
his_per_19,Hispanic Population (%),0,percent,,,Percent Hispanic Population in 2019,,,,0,11,0,0,1,CPAL/ACS,2019," Zip, Tract, Place",1,0,1,1,0.288807843,0.2178369,0.215451093
his_per_19_sd,Hispanic Population (%),0,sd,,,Percent Hispanic Population in 2019,,,,0,,0,0,0,CPAL/ACS,2019," Zip, Tract, Place",1,0,4,4,1.929028505,2,1.212407115
his_popE_19,Hispanic Population,0,estimate,,,Total hispanic population in 2019.,,,,0,,0,0,0,ACS 5 Year,2019," Zip, Tract, Place",1,0,1047434,1047434,4787.453966,1359,33746.1553
his_popE_19_sd,Hispanic Population,0,sd,,,Total hispanic population in 2019.,,,,0,,0,0,0,ACS 5 Year,2019," Zip, Tract, Place",1,0,4,4,1.947062245,2,1.058306757
hs_18t24_per_19,Recent High School Graduates (%),0,percent,,,Percent of residents between 18 to 24 who have graduated high school.,,,,0,,0,0,1,CPAL/ACS,2019," Zip, Tract, Place",1,0,1.2439024,1.2439024,0.369331859,0.3481013,0.217591224
hs_18t24_per_19_sd,Recent High School Graduates (%),1,sd,,,Percent of residents between 18 to 24 who have graduated high school.,7,,,0,,0,0,0,CPAL/ACS,2019," Zip, Tract, Place",1,0,4,4,1.96567772,2,1.248742088
hs_18t24E_19,Recent High School Graduates,0,estimate,,,Population between 18 to 24 with a high school degree in 2019.,,,,0,,0,0,0,ACS 5 Year,2019," Zip, Tract, Place",1,,,,,,
hs_18t24E_19_sd,Recent High School Graduates,0,sd,,,Population between 18 to 24 with a high school degree in 2019.,,,,0,,0,0,0,ACS 5 Year,2019," Zip, Tract, Place",1,,,,,,
hs_degE_19,High School Degrees,0,estimate,,,Population where highest level of educational attainment is a high school degree (or equivalent).,,,,0,,0,0,0,ACS 5 Year,2019," Zip, Tract, Place",1,0,314790,314790,1876.092646,644,11406.22881
hs_degE_19_sd,High School Degrees,1,sd,,,Population where highest level of educational attainment is a high school degree (or equivalent).,9,,,0,,0,0,0,CPAL and ACS,2019," Zip, Tract, Place",1,0,4,4,1.931355439,2,1.122813473
ies,Public Elementary,1,point,school,public_school,Locations of DISD elementary schools,,,,0,,0,0,0,TEA,,,,,,,,,
ims,Public Middle,1,point,school,public_school,Locations of DISD independent elementary/secondary schools,,,,0,,0,0,0,TEA,,,,,,,,,
INTPTLAT,,0,name,,,,,,,0,,0,0,0,CPAL,," Zip, Tract, Place",,,,,,,
INTPTLON,,0,name,,,,,,,0,,0,0,0,CPAL,," Zip, Tract, Place",,,,,,,
less_hsE_19,Less than a High School Degree,0,estimate,,,Population where highest level of educational attainment is less than high school.,,,,0,,0,0,0,ACS 5 Year,2019," Zip, Tract, Place",1,0,288448,288448,1238.634047,349,9157.385062
less_hsE_19_sd,Less than a High School Degree,1,sd,,,Population where highest level of educational attainment is less than high school.,8,,,0,,0,0,0,CPAL and ACS,2019," Zip, Tract, Place",1,0,4,4,1.963350785,2,0.996119099
less_msE_19,Less than 9th grade completion,0,estimate,,,Population where highest level of educational attainment is less than 9th grade.,,,,0,,0,0,0,ACS 5 Year,2019," Zip, Tract, Place",1,,,,,,
less_msE_19_sd,Less than 9th grade completion,0,estimate,,,Population where highest level of educational attainment is less than 9th grade.,,,,0,,0,0,0,ACS 5 Year,2019," Zip, Tract, Place",1,,,,,,
lib,Library,1,point,social_infrastructure,,Locations of libraries,,,,0,,0,0,0,City of Dallas,,,,,,,,,
market,Supermarket,1,point,commerce,,Locations of supermarkets,,,,0,,0,0,0,CPAL,,,,,,,,,
med_incE_19,Median Household Income,0,estimate,,,Median household income.,,,,0,2,1,0,0,ACS 5 Year,2019," Zip, Tract, Place",1,0,250001,250001,76435.38854,68316,38287.94507
med_incE_19_sd,Median Household Income,1,sd,,,Median household income.,2,,,0,,0,0,0,CPAL/ACS,2019," Zip, Tract, Place",1,0,4,4,1.927865038,2,1.13394427
NAME,Name,0,name,,,Name of census tract in geography,,,,0,,0,0,0,ACS 5 Year,2019," Zip, Tract, Place",1,,,,,,
per_as,Change in Asian population (2013 to 2019),0,percentchange,,,Percent change in Asian population from 2013 to 2019.,,,,0,,0,0,1,CPAL/ACS,2014 and 2019," Zip, Tract, Place",1,-0.2349925,0.3747511,0.6097436,0.010478149,0.0034073,0.039563815
per_as_sd,Change in Asian population,0,sd,,,Percent change in Asian population from 2013 to 2019.,,,,0,,0,0,0,CPAL/ACS,2014 and 2019," Zip, Tract, Place",1,0,4,4,1.999418266,2,0.965951014
per_ba_deg,Change in Bachelor's degrees (2013 to 2019),0,percentchange,,,Percent change in total population with a bachelor's or graduate degree from 2013 to 2019.,,,,0,8,0,0,1,CPAL/ACS,2014 and 2019," Zip, Tract, Place",1,-0.3434827,0.5092421,0.8527248,0.012063042,0.0086033,0.061155419
per_ba_deg_sd,Change in Bachelor's degrees,0,sd,,,Percent change in total population with a bachelor's or graduate degree from 2013 to 2019.,,,,0,,0,0,0,CPAL/ACS,2014 and 2019," Zip, Tract, Place",1,0,4,4,1.988947062,2,1.115764378
per_bl,Change in Black population (2013 to 2019),0,percentchange,,,Percent change in Black population from 2013 to 2019.,,,,0,,0,0,1,CPAL/ACS,2014 and 2019," Zip, Tract, Place",1,-0.4198,0.2955456,0.7153456,0.006869445,0.0063085,0.058127594
per_bl_sd,Change in Black population,0,sd,,,Percent change in Black population from 2013 to 2019.,,,,0,,0,0,0,CPAL/ACS,2014 and 2019," Zip, Tract, Place",1,0,4,4,2.036649215,2,1.073734222
per_bp,Change in Below Poverty  (2013 to 2019),0,percentchange,,,Percent change in population below federal poverty from 2013 to 2019.,,,,0,,0,0,1,CPAL/ACS,2014 and 2019," Zip, Tract, Place",0,-0.30497,0.2237762,0.5287462,-0.026831925,-0.0162325,0.068323254
per_bp_sd,Change in Below Poverty,0,sd,,,Percent change in population below federal poverty from 2013 to 2019.,,,,0,,0,0,0,CPAL/ACS,2014 and 2019," Zip, Tract, Place",0,0,4,4,1.984874927,2,1.155441333
per_cbp,Change in Children Below Poverty  (2013 to 2019),0,percentchange,,,Percent change in children (under 18) below federal poverty from 2013 to 2019.,,,,0,,0,0,1,CPAL/ACS,2014 and 2019," Zip, Tract, Place",0,-0.255405,0.0729115,0.3283165,-0.003297167,0,0.019204288
per_cbp_sd,Change in Children Below Poverty,0,sd,,,Percent change in children (under 18) below federal poverty from 2013 to 2019.,,,,0,,0,0,0,CPAL/ACS,2014 and 2019," Zip, Tract, Place",0,0,4,4,0.575334497,0,1.042181988
per_emp_pubtr,Change in Public Transportation to Work  (2013 to 2019),0,percentchange,,,Percent change in employed population who take public transportation to work from 2013 to 2019.,,,,0,,0,0,1,CPAL/ACS,2014 and 2019," Zip, Tract, Place",1,-0.1991016,0.183877,0.3829786,-0.001282229,0,0.022187065
per_emp_pubtr_sd,Change in Public Transportation to Work,0,sd,,,Percent change in employed population who take public transportation to work from 2013 to 2019.,,,,0,,0,0,0,CPAL/ACS,2014 and 2019," Zip, Tract, Place",1,0,4,4,1.980221059,2,0.876324049
per_emp_r,Change in Ratio of Employment to Population Ratio (2013 to 2019),0,percentchange,,,,,,,0,,0,0,1,CPAL/ACS,2014 and 2019," Zip, Tract, Place",1,-0.33475,0.47225,0.807,0.179601766,0.183,0.077441288
per_emp_r_sd,Change in Ratio of Employment to Population Ratio,0,sd,,,,,,,0,,0,0,0,CPAL/ACS,2014 and 2019," Zip, Tract, Place",1,0,4,4,2.023851076,2,1.148978923
per_es_3t4,Change in Pre-K Enrollment (2013 to 2019),0,percentchange,,,Percent change in population 3 to 4 enrolled in pre-school from 2013 to 2019.,,,,0,,0,0,1,CPAL/ACS,2014 and 2019," Zip, Tract, Place",1,-1,1,2,0.011758358,0,0.189941931
per_es_3t4_sd,Change in Pre-K Enrollment,0,sd,,,Percent change in population 3 to 4 enrolled in pre-school from 2013 to 2019.,,,,0,,0,0,0,CPAL/ACS,2014 and 2019," Zip, Tract, Place",1,0,4,4,2.022105876,2,1.084111084
per_gini,Change in Gini coeffient  (2013 to 2019),0,percentchange,,,,,,,0,,0,0,1,CPAL/ACS,2014 and 2019," Zip, Tract, Place",0,-0.3979358,0.7240734,1.1220092,0.023458502,0.0099122,0.138130459
per_gini_sd,Change in Gini coeffient,0,sd,,,,,,,0,,0,0,0,CPAL/ACS,2014 and 2019," Zip, Tract, Place",0,0,4,4,2.04246655,2,1.167542204
per_his,Change in Hispanic population  (2013 to 2019),0,percentchange,,,Percent change in Hispanic population from 2013 to 2019.,,,,0,,0,0,1,CPAL/ACS,2014 and 2019," Zip, Tract, Place",1,-0.3496922,0.6153846,0.9650768,0.021740257,0.0181389,0.07977365
per_his_sd,Change in Hispanic population,0,sd,,,Percent change in Hispanic population from 2013 to 2019.,,,,0,,0,0,0,CPAL/ACS,2014 and 2019," Zip, Tract, Place",1,0,4,4,2.027923211,2,1.099968167
per_hs_18t24,Change in recent High School Graduate (2013 to 2019),0,percentchange,,,Percent change in residents between 18 to 24 who have graduated from high school between 2013 and 2019.,,,,0,,0,0,1,CPAL/ACS,2014 and 2019," Zip, Tract, Place",1,-1,1.0508475,2.0508475,0.069814151,0.0504033,0.236411652
per_hs_18t24_sd,Change in recent High School Graduate,0,sd,,,Percent change in residents between 18 to 24 who have graduated from high school between 2013 and 2019.,,,,0,,0,0,0,CPAL/ACS,2014 and 2019," Zip, Tract, Place",1,0,4,4,2.00814427,2,1.193181536
per_hs_deg,Change in High School degrees  (2013 to 2019),0,percentchange,,,Percent change in highest level of educational attainment is a high school degree (or equivalent) between 2013 and 2019.,,,,0,,0,0,1,CPAL/ACS,2014 and 2019," Zip, Tract, Place",1,-0.388547,0.3510441,0.7395911,-0.003537549,-0.0051864,0.055227595
per_hs_deg_sd,Change in High School degrees,0,sd,,,Percent change in highest level of educational attainment is a high school degree (or equivalent) between 2013 and 2019.,,,,0,,0,0,0,CPAL/ACS,2014 and 2019," Zip, Tract, Place",1,0,4,4,2.004653869,2,1.157544159
per_less_hs,Change in less than High School  (2013 to 2019),0,percentchange,,,Percent change in highest level of educational attainment is less than high school between 2013 and 2019,,,,0,,0,0,1,CPAL/ACS,2014 and 2019," Zip, Tract, Place",1,-0.3745245,0.1562014,0.5307259,-0.014018514,-0.0070129,0.052125485
per_less_hs_sd,Change in less than High School,0,sd,,,Percent change in highest level of educational attainment is less than high school between 2013 and 2019,,,,0,,0,0,0,CPAL/ACS,2014 and 2019," Zip, Tract, Place",1,0,4,4,1.994182664,2,1.115021215
per_med_inc,Change in median household income (2013 to 2019),0,percentchange,,,Percent change in (adjusted) medium household income between 2013 and 2019.,,,,0,3,0,0,1,CPAL/ACS,2014 and 2019," Zip, Tract, Place",1,-0.5312573,1.1877647,1.719022,0.120882738,0.0987221,0.184142006
per_med_inc_sd,Change in median household income,0,sd,,,Percent change in (adjusted) medium household income between 2013 and 2019.,,,,0,,0,0,0,CPAL/ACS,2014 and 2019," Zip, Tract, Place",1,0,4,4,1.958115183,2,1.143128556
per_rohh,Change in Renter-Occupied Households  (2013 to 2019),0,percentchange,,,Percent change in renter-occupiedhouseholds between 2013 and 2019.,,,,0,,0,0,1,CPAL/ACS,2014 and 2019," Zip, Tract, Place",1,-0.0559524,0.3636364,0.4195888,8.83E-05,6.87E-06,0.009066319
per_rohh_sd,Change in Renter-Occupied Households,0,sd,,,Percent change in renter-occupiedhouseholds between 2013 and 2019.,,,,0,,0,0,0,CPAL/ACS,2014 and 2019," Zip, Tract, Place",1,0,4,4,1.981955763,2,0.224374662
per_tot_pop,Change in total population  (2013 to 2019),0,percentchange,,,Percent change in total population between 2013 and 2019.,,,,0,,0,0,1,CPAL/ACS,2014 and 2019," Zip, Tract, Place",1,-0.956044,2.9846154,3.9406594,0.132822903,0.08540695,0.26413481
per_tot_pop_sd,Change in total population,0,sd,,,Percent change in total population between 2013 and 2019.,,,,0,,0,0,0,CPAL/ACS,2014 and 2019," Zip, Tract, Place",1,0,4,4,1.966821886,2,0.889696685
per_wh,Change in White population  (2013 to 2019),0,percentchange,,,Percent change in White population from 2013 to 2019.,,,,0,,0,0,1,CPAL/ACS,2014 and 2019," Zip, Tract, Place",1,-0.5106802,0.2528123,0.7634925,-0.041798344,-0.040501,0.075485934
per_wh_sd,Change in White population,0,sd,,,Percent change in White population from 2013 to 2019.,,,,0,,0,0,0,CPAL/ACS,2014 and 2019," Zip, Tract, Place",1,0,4,4,2.001163467,2,1.149479224
pharm,Pharmacy,1,point,public_health,,Locations of pharmacies,,,,0,,0,0,0,TSBP,,,,,,,,,
pop_18t24E_19,Population 18 to 24,0,estimate,,,Total population between 18 to 24 years old.,,,,0,,0,0,0,ACS 5 Year,2019," Zip, Tract, Place",1,0,249966,249966,1498.64447,483,9094.779635
pop_18t24E_19_sd,Population 18 to 24,0,sd,,,Total population between 18 to 24 years old.,,,,0,,0,0,0,ACS 5 Year,2019," Zip, Tract, Place",1,0,4,4,1.94938918,2,0.980186975
pop_3t4E_19,Between 3 to 4 years old,0,estimate,,,Total population between 3 to 4 years old.,,,,0,,0,0,0,ACS 5 Year,2019," Zip, Tract, Place",1,0,79624,79624,468.0995947,146,2849.857704
pop_3t4E_19_sd,Between 3 to 4 years old,0,sd,,,Total population between 3 to 4 years old.,,,,0,,0,0,0,ACS 5 Year,2019," Zip, Tract, Place",1,0,4,4,1.94124491,2,1.031817946
pop_bpE_19,Below Poverty,0,estimate,,,Total population living below federal poverty level in 2019.,,,,0,,0,0,0,ACS 5 Year,2019," Zip, Tract, Place",0,0,395812,395812,1884.803127,559,13385.74135
pop_bpE_19_sd,Below Poverty,0,sd,,,Total population living below federal poverty level in 2019.,,,,0,,0,0,0,ACS 5 Year,2019," Zip, Tract, Place",0,0,4,4,2.068062827,2,1.07382788
pop_o25E_19,Population Over 25,0,estimate,,,Total population over 25.,,,,0,,0,0,0,ACS 5 Year,2019," Zip, Tract, Place",1,0,1669564,1669564,10496.1905,3517,61466.24403
pop_o25E_19_sd,Population Over 25,0,sd,,,Total population over 25.,,,,0,,0,0,0,ACS 5 Year,2019," Zip, Tract, Place",1,0,4,4,1.933682373,2,1.055624051
pop_u18E_19,Population Under 18,0,estimate,,,Total population under 18 in 2019.,,,,0,,0,0,0,ACS 5 Year,2019," Zip, Tract, Place",1,0,685833,685833,2795.521135,0,25216.58553
pop_u18E_19_sd,Population Under 18,0,sd,,,Total population under 18 in 2019.,,,,0,,0,0,0,ACS 5 Year,2019," Zip, Tract, Place",1,0,4,4,0.527050611,0,1.002468474
private_school,Private School,1,point_subcategory,school,,,,,4,0,,0,0,0,,,,,,,,,,
prs,Private School,1,point,school,private_school,Locations of private schools,,,,0,,0,0,0,Texas Private School Accreditation Commission,2021,,,,,,,,
public_health,Public Health,1,point_category,,,,,3,,0,,0,0,0,,,,,,,,,,
public_school,Public School,1,point_subcategory,school,,,,,2,0,,0,0,0,,,,,,,,,,
recctr,Recreation Center,1,point,social_infrastructure,,Locations of recreation centers,,,,0,,0,0,0,City of Dallas,,,,,,,,,
rent_instability,Renter Instability Index,0,estimate,,,Estimate the prevalence of low-income renters at risk of experiencing housing instability. (Opportunity Insights),,,,0,,0,1,0,Opportunity Insights,2019,Tract,0,-1.428617601,2.035712027,3.464329628,-0.016641275,-0.046209345,0.541343541
rent_instability_sd,Renter Instability Index,1,sd,,,Estimate the prevalence of low-income renters at risk of experiencing housing instability. (Opportunity Insights),5,,,0,,0,0,0,Opportunity Insights,2019,Tract,1,0,4,4,2.001583531,2,1.191623176
rohh_per_19,Renter-Occupied Households (%),0,percent,,,Percent of households that are renter-occupied.,,,,0,,0,0,1,CPAL/ACS,2019," Zip, Tract, Place",1,0,1,1,0.390956529,0.3464458,0.249757425
rohh_per_19_sd,Renter-Occupied Households (%),0,sd,,,Percent of households that are renter-occupied.,,,,0,,0,0,0,CPAL/ACS,2019," Zip, Tract, Place",1,0,4,4,1.914485166,2,1.295741507
rohhE_19,Renter-Occupied Households,0,estimate,,,Total number of renter-occupied households.,,,,0,,0,0,0,ACS 5 Year,2019," Zip, Tract, Place",1,0,464121,464121,2343.48813,685,15973.18249
rohhE_19_sd,Renter-Occupied Households,0,sd,,,Total number of renter-occupied households.,,,,0,,0,0,0,ACS 5 Year,2019," Zip, Tract, Place",1,0,4,4,1.944153578,2,1.09465809
scc,Subsidized Childcare Center,1,point,social_infrastructure,,Locations of subsidized childcare centers,,,,0,,0,0,0,TDHPS,,,,,,,,,
school,School,1,point_category,,,,,2,,0,,0,0,0,,,,,,,,,,
snap,SNAP Retailer,0,,commerce,,Locations of retailers which accept SNAP benefits,,,,0,,0,0,0,USDA SNAP Store Locations,,,,,,,,,
social_infrastructure,Social Infrastructure,1,point_category,,,,,1,,0,,0,0,0,,,,,,,,,,
Sum_CTC,Sum of CTC,0,estimate,,,Sum of CTC returns in 2013 in dollars.,,,,0,,1,0,0,Brookings,2014," Place, Zip",1,3201,49604302,49601101,759495.7295,233315,3279663.504
Sum_CTC_sd,Sum of CTC,0,sd,,,Sum of CTC returns in 2013 in dollars.,,,,0,,0,0,0,Brookings,2014," Place, Zip",1,0,4,4,1.997742664,2,0.925991877
Sum_EITC,Sum of EITC,0,estimate,,,Sum of EITC returns in 2013 in dollars.,,,,0,,1,0,0,Brookings,2014," Place, Zip",1,31875,737753396,737721521,10119582.59,2523041,47737547.6
Sum_EITC_sd,Sum of EITC,0,sd,,,Sum of EITC returns in 2013 in dollars.,,,,0,,0,0,0,Brookings,2014," Place, Zip",1,1,4,3,2.009029345,2,0.815522322
thhE_19,Total Households,0,estimate,,,Total number of households in 2019.,,,,0,,0,0,0,ACS 5 Year,2019," Zip, Tract, Place",1,0,928341,928341,5687.081644,1919,33930.36108
thhE_19_sd,Total Households,0,sd,,,Total number of households in 2019.,,,,0,,0,0,0,ACS 5 Year,2019," Zip, Tract, Place",1,0,4,4,1.93310064,2,1.076066916
Tot_CTC,Returns Receiving the CTC,0,estimate,,,Total number of returns filed which received the CTC in 2013.,,,,0,,0,0,0,Brookings,2014," Place, Zip",1,0,69998,69998,1039.288248,307,4586.021607
Tot_CTC_sd,Returns Receiving the CTC,0,sd,,,Total number of returns filed which received the CTC in 2013.,,,,0,,0,0,0,Brookings,2014," Place, Zip",1,0,4,4,1.977426637,2,0.899691081
Tot_EITC,Returns Receiving EITC,0,estimate,,,Total number of returns filed which received the EITC in 2013.,,,,0,,0,0,0,Brookings,2014," Place, Zip",1,0,267539,267539,3813.008869,1133,17426.44925
Tot_EITC_sd,Returns Receiving EITC,1,sd,,,Total number of returns filed which received the EITC in 2013.,6,,,0,,0,0,0,Brookings,2014," Place, Zip",1,0,4,4,1.997742664,2,0.870582245
tot_popE_19,Total Population,0,estimate,,,Total population in 2019.,,,,0,13,0,0,0,ACS 5 Year,2019," Zip, Tract, Place",1,0,2606868,2606868,16265.45918,5427,95637.04945
tot_popE_19_sd,Total Population,0,sd,,,Total population in 2019.,,,,0,,0,0,0,CPAL and ACS,2019," Zip, Tract, Place",1,0,4,4,1.930773706,2,1.037358647
Tot_Returns,Tax Returns in 2013,0,estimate,,,Total number of tax returns filed in 2013.,,,,0,,0,0,0,Brookings,2014," Zip, Tract, Place",1,0,267539,267539,3813.008869,1133,17426.44925
Tot_Returns_sd,Tax Returns in 2013,0,estimate,,,Total number of tax returns filed in 2013.,,,,0,,0,0,0,Brookings,2014," Zip, Tract, Place",1,0,4,4,1.997742664,2,0.870582245
uscc,Childcare Center,1,point,social_infrastructure,,Locations of unsubsidized childcare centers,,,,0,,0,0,0,TDHPS,,,,,,,,,
vita,Volunteer Income Tax Assistance Center,1,point,commerce,,Locations of Volunteer Income Tax Assistance Center,,,,0,,0,0,0,IRS,2021,,,,,,,,
wh_per_19,White Non-Hispanic Population (%),0,percent,,,Percent White Non-Hispanic Population in 2019.,,,,0,12,0,0,1,CPAL/ACS,2019," Zip, Tract, Place",1,0,1,1,0.473372149,0.5023906,0.258670891
wh_per_19_sd,White Non-Hispanic Population (%),0,sd,,,Percent White Non-Hispanic Population in 2019.,,,,0,,0,0,0,ACS 5 Year,2019," Zip, Tract, Place",1,0,4,4,2.004072135,2,1.391595322
wh_popE_19,White Non-Hispanic Population,0,estimate,,,Total White Non-Hispanic population in 2019.,,,,0,,0,0,0,ACS 5 Year,2019," Zip, Tract, Place",1,0,957676,957676,7282.96989,2313,37820.66089
wh_popE_19_sd,White Non-Hispanic Population,0,sd,,,Total White Non-Hispanic population in 2019.,,,,0,,0,0,0,ACS 5 Year,2019," Zip, Tract, Place",1,0,4,4,1.935427574,2,1.047151594
wic,WIC Clinic,1,point,public_health,,Locations of retailers which accept WIC benefits,,,,0,,0,0,0,CPAL/googleways,,,,,,,,,
